{
    "ion_footer": {
        "styleClass": "",
        "cssStyle": "",
        "ion_toolbar": {
            "ion_buttons_left": {
                "contents": [
                    {
                        "type": "button",
                        "id": "btn_back",
                        "styleClass": "",
                        "cssStyle": "",
                        "icon": {
                            "name": "arrow-back"
                        },
                        "clickParm": "back"
                    }
                ]
            },
            "ion_buttons": {
                "contents": [
                    {
                        "type": "button",
                        "id": "btn_ok",
                        "styleClass": "",
                        "cssStyle": "",
                        "icon": {
                            "name": "checkmark-circle"
                        },
                        "clickParm": "ok"
                    },
                    {
                        "type": "button",
                        "id": "btn_cancel",
                        "styleClass": "",
                        "cssStyle": "",
                        "icon": {
                            "name": "close-circle"
                        },
                        "clickParm": "cancel"
                    }
                ]
            },
            "ion_buttons_right": {
                "contents": [
                    {
                        "type": "button",
                        "id": "btn_menu",
                        "styleClass": "",
                        "cssStyle": "",
                        "icon": {
                            "name": "menu"
                        },
                        "clickParm": "footerMenu"
                    }
                ]
            }
        }
    }
}