{  
    "validator":null,
    "asyncValidator":null,
    "pristine":true,
    "touched":false,
    "_onDisabledChange":[  
 
    ],
    "_onChange":[  
 
    ],
    "_pendingValue":null,
    "value":"",
    "status":"VALID",
    "errors":null,
    "valueChanges":{  
       "_isScalar":false,
       "observers":[  
 
       ],
       "closed":false,
       "isStopped":false,
       "hasError":false,
       "thrownError":null,
       "__isAsync":false
    },
    "statusChanges":{  
       "_isScalar":false,
       "observers":[  
 
       ],
       "closed":false,
       "isStopped":false,
       "hasError":false,
       "thrownError":null,
       "__isAsync":false
    },
    "order":1,
    "tabindex":-1,
    "id":"Grid1",
    "type":"ctl_grid",
    "updateable":true,
    "attributes":{  
 
    },
    "label":"",
    "saveValue":"",
    "defaultValue":"",
    "text":"",
    "icon":"",
    "rows":[  
       {  
          "value":"rowValue0",
          "cols":[  
             {  
                "value":"0",
                "size":"auto",
                "styleClass":"form_ctl_grid_col",
                "id":"0",
                "description":"Rf: 0C0",
                "cssStyle":{  
 
                }
             },
             {  
                "value":"1",
                "size":"auto",
                "styleClass":"form_ctl_grid_col",
                "id":"1",
                "description":"Rf: 0C1",
                "cssStyle":{  
 
                }
             },
             {  
                "value":"2",
                "size":"auto",
                "styleClass":"form_ctl_grid_col",
                "id":"2",
                "description":"Rf: 0C2",
                "cssStyle":{  
 
                }
             }
          ],
          "styleClass":"form_ctl_grid_row",
          "id":"row0",
          "cssStyle":{  
 
          }
       },
       {  
          "value":"rowValue1",
          "cols":[  
             {  
                "value":"0",
                "size":"auto",
                "styleClass":"form_ctl_grid_col",
                "id":"0",
                "description":"Rf: 1C0",
                "cssStyle":{  
 
                }
             },
             {  
                "value":"1",
                "size":"auto",
                "styleClass":"form_ctl_grid_col",
                "id":"1",
                "description":"Rf: 1C1",
                "cssStyle":{  
 
                }
             },
             {  
                "value":"2",
                "size":"auto",
                "styleClass":"form_ctl_grid_col",
                "id":"2",
                "description":"Rf: 1C2",
                "cssStyle":{  
 
                }
             }
          ],
          "styleClass":"form_ctl_grid_row",
          "id":"row1",
          "cssStyle":{  
 
          }
       },
       {  
          "value":"rowValue2",
          "cols":[  
             {  
                "value":"0",
                "size":"auto",
                "styleClass":"form_ctl_grid_col",
                "id":"0",
                "description":"Rf: 2C0",
                "cssStyle":{  
 
                }
             },
             {  
                "value":"1",
                "size":"auto",
                "styleClass":"form_ctl_grid_col",
                "id":"1",
                "description":"Rf: 2C1",
                "cssStyle":{  
 
                }
             },
             {  
                "value":"2",
                "size":"auto",
                "styleClass":"form_ctl_grid_col",
                "id":"2",
                "description":"Rf: 2C2",
                "cssStyle":{  
 
                }
             }
          ],
          "styleClass":"form_ctl_grid_row",
          "id":"row2",
          "cssStyle":{  
 
          }
       },
       {  
          "value":"rowValue3",
          "cols":[  
             {  
                "value":"0",
                "size":"auto",
                "styleClass":"form_ctl_grid_col",
                "id":"0",
                "description":"Rf: 3C0",
                "cssStyle":{  
 
                }
             },
             {  
                "value":"1",
                "size":"auto",
                "styleClass":"form_ctl_grid_col",
                "id":"1",
                "description":"Rf: 3C1",
                "cssStyle":{  
 
                }
             },
             {  
                "value":"2",
                "size":"auto",
                "styleClass":"form_ctl_grid_col",
                "id":"2",
                "description":"Rf: 3C2",
                "cssStyle":{  
 
                }
             }
          ],
          "styleClass":"form_ctl_grid_row",
          "id":"row3",
          "cssStyle":{  
 
          }
       }
    ],
    "headers":[  
       {  
          "value":"c.toString()",
          "size":"auto",
          "styleClass":"form_ctl_grid_header_col",
          "id":"0",
          "description":"HDRf: 0",
          "cssStyle":{  
 
          }
       },
       {  
          "value":"c.toString()",
          "size":"auto",
          "styleClass":"form_ctl_grid_header_col",
          "id":"1",
          "description":"HDRf: 1",
          "cssStyle":{  
 
          }
       },
       {  
          "value":"c.toString()",
          "size":"auto",
          "styleClass":"form_ctl_grid_header_col",
          "id":"2",
          "description":"HDRf: 2",
          "cssStyle":{  
 
          }
       }
    ],
    "showHeader":"1",
    "gridFrameCssStyle":{  
 
    }
 }